,_id,page_url,title,domain_tags,primary_domain,score
971,5f1bb763896f82cdbda613af,/entries/prior/,Arthur Prior,"Thinker, Logic",Thinker,4.489610886
620,5f1bb8c9896f82cdbda6147d,/entries/sidgwick/,Henry Sidgwick,"Thinker, Ethics, Social and Political Philosophy",Thinker,4.493744273
1472,5f1bb8d1896f82cdbda61481,/entries/simplicity/,Simplicity,"Metaphysics,Epistemology",Metaphysics,4.494474188
1407,5f1bb984896f82cdbda614f2,/entries/transcendentalism/,Transcendentalism,Social and Political Philosophy,Social and Political Philosophy,4.496293079
1123,5f1bb9d4896f82cdbda61523,/entries/walter-chatton/,Walter Chatton,"Thinker,Philosophy of Religion, Metaphysics",Thinker,4.496701353
1442,5f1bb020896f82cdbda60f5f,/entries/bolzano-logic/,Bolzano’s Logic,"Thinker,Logic",Logic,4.499747352
745,5f1bb779896f82cdbda613ba,/entries/progress/,Progress,Social and Political Philosophy,Social and Political Philosophy,4.500143855
852,5f1bb96a896f82cdbda614e2,/entries/thomas-more/,Thomas More,"Thinker,Social and Political Philosophy",Thinker,4.500207646
895,5f1bb92d896f82cdbda614ba,/entries/stein/,Edith Stein,"Thinker,Continental Philosophy",Thinker,4.500996937
1385,5f1bb4d8896f82cdbda6121c,/entries/legrand/,Antoine Le Grand,"Thinker,Philosophy of Religion",Thinker,4.503521839
933,5f1bb49f896f82cdbda611f1,/entries/kepler/,Johannes Kepler,"Thinker,Philosophy of Physics",Thinker,4.505097266
530,5f1bafce896f82cdbda60f32,/entries/atomism-ancient/,Ancient Atomism,Metaphysics,Metaphysics,4.511614181
249,5f1bb199896f82cdbda61023,/entries/della-porta/,Giambattista della Porta,Thinker,Thinker,4.516647219
197,5f1bb231896f82cdbda61075,/entries/emotion-Christian-tradition/,Emotions in the Christian Tradition,"Philosophy of Mind,Philosophy of Religion",Philosophy of Mind,4.516827599
1095,5f1bb86f896f82cdbda61445,/entries/scheler/,Max Scheler,"Thinker, Continental Philosophy, Social and Political Philosophy",Thinker,4.518257035
95,5f1bb054896f82cdbda60f76,/entries/burke/,Edmund Burke,"Thinker,Social and Political Philosophy",Thinker,4.520174494
29,5f1bb3cf896f82cdbda61166,/entries/holbach/,Paul-Henri Thiry (Baron) d’Holbach,"Thinker,Social and Political Philosophy",Thinker,4.523178304
1478,5f1bb70c896f82cdbda6137c,/entries/pico-della-mirandola/,Giovanni Pico della Mirandola,Thinker,Thinker,4.529212015
157,5f1bb662896f82cdbda61324,/entries/novalis/,Georg Friedrich Philipp von Hardenberg [Novalis],"Thinker,Aesthetics and Philosophy of Art",Thinker,4.547347389
114,5f1bb198896f82cdbda61022,/entries/deleuze/,Gilles Deleuze,"Thinker,Continental Philosophy,Metaphysics,Social and Political Philosophy",Thinker,4.555305842
619,5f1bb66f896f82cdbda6132d,/entries/olympiodorus/,Olympiodorus,Thinker,Thinker,4.558668404
828,5f1bb4af896f82cdbda611ff,/entries/lady-masham/,Lady Damaris Masham,"Thinker,Philosophy of Religion",Thinker,4.56478363
1178,5f1bb2bd896f82cdbda610c3,/entries/fatalism/,Fatalism,Metaphysics,Metaphysics,4.58877507
920,5f1bba06896f82cdbda61542,/entries/wright/,Chauncey Wright,"Thinker, Philosophy of Science",Thinker,4.610311317
1386,5f1bb4dc896f82cdbda6121f,/entries/leibniz-evil/,Leibniz on the Problem of Evil,"Thinker,Ethics,Philosophy of Religion",Thinker,4.613313448
1462,5f1bb9b7896f82cdbda61511,/entries/umar-khayyam/,Umar Khayyam,"Thinker,Philosophy of Religion",Thinker,4.62717806
609,5f1bb7aa896f82cdbda613d3,/entries/pythagoras/,Pythagoras,"Thinker,Philosophy of Mathematics",Thinker,4.634769185
1072,5f1bb958896f82cdbda614d6,/entries/telesio/,Bernardino Telesio,Thinker,Thinker,4.640275689
685,5f1baf8f896f82cdbda60f0e,/entries/arabic-islamic-influence/,Influence of Arabic and Islamic Philosophy on the Latin West,Arabic and Islamic Philosophy,Arabic and Islamic Philosophy,4.646828096
323,5f1bb666896f82cdbda61327,/entries/oakeshott/,Michael Oakeshott,"Thinker, Social and Political Philosophy",Thinker,4.661923184
384,5f1bb2be896f82cdbda610c4,/entries/fechner/,Gustav Theodor Fechner,"Thinker,Metaphysics,Philosophy of Mind",Thinker,4.666176401
1339,5f1bb469896f82cdbda611c8,/entries/johan-sturm/,Johan Sturm,"Thinker, Philosophy of Science",Thinker,4.672599444
76,5f1bb413896f82cdbda6118d,/entries/illumination/,Divine Illumination,Philosophy of Religion,Philosophy of Religion,4.680558947
33,5f1bb108896f82cdbda60fdb,/entries/conscience/,Conscience,Ethics,Ethics,4.689092053
606,5f1bb3cb896f82cdbda61163,/entries/hobbes-moral/,Hobbes’s Moral and Political Philosophy,"Thinker,Social and Political Philosophy",Ethics,4.68927951
540,5f1bb329896f82cdbda61109,/entries/frederick-douglass/,Frederick Douglass,"Thinker,Social and Political Philosophy,African and African-American Philosophy",Thinker,4.692127331
0,5f1bb583896f82cdbda61290,/entries/margaret-fell/,Margaret Fell,"Thinker,Feminist Philosophy",Thinker,4.70009688
186,5f1bb17c896f82cdbda61016,/entries/david-lewis/,David Lewis,"Thinker, Metaphysics, Logic",Thinker,4.701463216
1198,5f1bb387896f82cdbda61140,/entries/grotius/,Hugo Grotius,"Thinker,Social and Political Philosophy",Thinker,4.70162845
882,5f1bb628896f82cdbda61300,/entries/natural-law-ethics/,The Natural Law Tradition in Ethics,Ethics,Ethics,4.726518642
890,5f1bb860896f82cdbda6143b,/entries/russell-moral/,Russell’s Moral Philosophy,"Thinker,Ethics",Ethics,4.728988764
1250,5f1bb3fb896f82cdbda6117f,/entries/ibn-sina-metaphysics/,Ibn Sina’s Metaphysics,"Thinker,Metaphysics",Metaphysics,4.734612265
1464,5f1bb6ab896f82cdbda61348,/entries/parmenides/,Parmenides,"Thinker,Metaphysics",Thinker,4.73867205
1342,5f1bb4b4896f82cdbda61202,/entries/language-india/,Language and Testimony in Classical Indian Philosophy,"Indian Philosophy,Philosophy of Language, Philosopy of Law",Indian Philosophy,4.744941178
341,5f1baf95896f82cdbda60f12,/entries/arabic-islamic-mind/,Arabic and Islamic Psychology and Philosophy of Mind,"Arabic and Islamic Philosophy,Philosophy of Mind",Arabic and Islamic Philosophy,4.752655191
1254,5f1bb4b7896f82cdbda61204,/entries/laozi/,Laozi,"Thinker,Chinese Philosophy",Thinker,4.756487679
392,5f1bb9b9896f82cdbda61512,/entries/universals-medieval/,The Medieval Problem of Universals,Metaphysics,Metaphysics,4.759483143
701,5f1bb23a896f82cdbda6107a,/entries/empiricism-ancient-medieval/,Ancient and Medieval Empiricism,Metaphysics,Metaphysics,4.761235197
1377,5f1bb19a896f82cdbda61024,/entries/delmedigo/,Elijah Delmedigo,"Thinker,Jewish Philosophy,Philosophy of Religion",Thinker,4.763385402
927,5f1bb455896f82cdbda611b8,/entries/israeli/,Isaac Israeli,"Thinker,Jewish Philosophy",Thinker,4.763809274
200,5f1bb3bb896f82cdbda6115d,/entries/hermann-lotze/,Hermann Lotze,Thinker,Thinker,4.764361023
1041,5f1bb726896f82cdbda6138b,/entries/plato-utopia/,Plato on utopia,"Thinker,Social and Political Philosophy",Social and Political Philosophy,4.766518846
827,5f1bb15e896f82cdbda61009,/entries/crescas/,Hasdai Crescas,"Thinker,Jewish Philosophy",Thinker,4.768590011
91,5f1bb6b6896f82cdbda6134d,/entries/patrizi/,Francesco Patrizi,Thinker,Thinker,4.771748278
525,5f1bb3ad896f82cdbda61156,/entries/henricus-regius/,Henricus Regius,Thinker,Thinker,4.772224723
991,5f1bb0c1896f82cdbda60fb6,/entries/cohen/,Hermann Cohen,"Thinker, Jewish Philosophy,Epistemology,Philosophy of Religion",Thinker,4.77287969
484,5f1bb374896f82cdbda61134,/entries/godfrey/,Godfrey of Fontaines,"Thinker, Metaphysics",Thinker,4.789420439
1293,5f1bb137896f82cdbda60ff3,/entries/continental-rationalism/,Continental Rationalism,Metaphysics,Metaphysics,4.795925635
1309,5f1bb612896f82cdbda612f4,/entries/morality-definition/,The Definition of Morality,Ethics,Ethics,4.816980804
1185,5f1bb1a6896f82cdbda6102b,/entries/derrida/,Jacques Derrida,"Thinker,Philosophy of Language,Continental Philosophy",Thinker,4.820065804
780,5f1bb1a9896f82cdbda6102d,/entries/descartes-ethics/,Descartes’ Ethics,"Thinker, Ethics",Ethics,4.835353677
1001,5f1bb880896f82cdbda61451,/entries/school-salamanca/,School of Salamanca,Philosophy of Religion,Philosophy of Religion,4.845393752
704,5f1bb5cc896f82cdbda612c9,/entries/miracles/,Miracles,Philosophy of Religion,Philosophy of Religion,4.848245291
706,5f1bb720896f82cdbda61387,/entries/plato-rhetoric/,Plato on Rhetoric and Poetry,Thinker,Aesthetics and Philosophy of Art,4.84912416
1056,5f1bafee896f82cdbda60f45,/entries/bayle/,Pierre Bayle,Thinker,Thinker,4.851938762
416,5f1bb6ee896f82cdbda6136b,/entries/philip-chancellor/,Philip the Chancellor,Thinker,Thinker,4.856010524
333,5f1bb568896f82cdbda61279,/entries/lucretius/,Lucretius,"Thinker,Metaphyics",Thinker,4.856816305
303,5f1bb961896f82cdbda614dc,/entries/theology-aristotle/,The Theology of Aristotle,"Thinker,Philosophy of Religion",Philosophy of Religion,4.866845033
1364,5f1bafec896f82cdbda60f43,/entries/bauer/,Bruno Bauer,"Thinker, Social and Political Philosophy",Thinker,4.869894381
651,5f1bb467896f82cdbda611c6,/entries/jefferson/,Thomas Jefferson,"Thinker,Social and Political Philosophy",Thinker,4.870256954
600,5f1bb8b8896f82cdbda61471,/entries/seneca/,Seneca,"Thinker, Ethics, Social and Political Philosophy",Thinker,4.873705635
652,5f1baf36896f82cdbda60ed9,/entries/african-ethics/,African Ethics,"African and African-American Philosophy,Ethics",African and African-American Philosophy,4.881369294
1398,5f1bb490896f82cdbda611e6,/entries/kant-moral/,Kant’s Moral Philosophy,"Thinker,Ethics",Ethics,4.889745933
901,5f1bb9c9896f82cdbda6151c,/entries/vico/,Giambattista Vico,"Thinker,Social and Political Philosophy",Thinker,4.891569722
421,5f1bb4dd896f82cdbda61220,/entries/leibniz-exoteric/,Leibniz’s Exoteric Philosophy,Thinker,Thinker,4.899649116
1534,5f1bb1af896f82cdbda61030,/entries/descartes-modal/,Descartes’ Modal Metaphysics,Thinker,Metaphysics,4.900161489
754,5f1bafcd896f82cdbda60f31,/entries/atheism-agnosticism/,Atheism and Agnosticism,Philosophy of Religion,Philosophy of Religion,4.903398102
264,5f1bb459896f82cdbda611bc,/entries/james-viterbo/,James of Viterbo,Thinker,Thinker,4.905412804
1535,5f1bb4cc896f82cdbda61213,/entries/lefevre-etaples/,Jacques Lefèvre d’Étaples,Thinker,Thinker,4.90898384
1027,5f1bb6ff896f82cdbda61374,/entries/philosophy-mexico/,Philosophy in Mexico,Latin American and Iberian Philosophy,Latin American and Iberian Philosophy,4.918830915
40,5f1bb94c896f82cdbda614ce,/entries/syrianus/,Syrianus,Thinker,Thinker,4.930276758
714,5f1bb9ef896f82cdbda61533,/entries/william-jevons/,William Stanley Jevons,"Thinker,Philosophy of Economics",Thinker,4.942391036
1526,5f1bb39a896f82cdbda6114a,/entries/hartley/,David Hartley,"Thinker,Philosophy of Mind",Thinker,4.947468906
821,5f1baf8c896f82cdbda60f0d,/entries/arabic-islamic-greek/,Greek Sources in Arabic and Islamic Philosophy,Arabic and Islamic Philosophy,Arabic and Islamic Philosophy,4.953688222
403,5f1bb578896f82cdbda61287,/entries/maimonides/,Maimonides,"Thinker,Jewish Philosophy",Thinker,4.969080153
266,5f1bb0f5896f82cdbda60fd0,/entries/concepts-god/,Concepts of God,Philosophy of Religion,Philosophy of Religion,4.98264381
430,5f1bb354896f82cdbda61122,/entries/gassendi/,Pierre Gassendi,"Thinker,Philosphy of Science",Thinker,4.98447759
1321,5f1bb238896f82cdbda61079,/entries/empedocles/,Empedocles,"Thinker,Metaphysics",Thinker,4.987172051
334,5f1baf4f896f82cdbda60ee8,/entries/albert-great/,Albert the Great,Thinker,Thinker,4.997273764
642,5f1bb3cc896f82cdbda61164,/entries/hobbes-science/,Hobbes’ Philosophy of Science,"Thinker,Philosophy of Science",Philosophy of Science,5.000185432
283,5f1bb857896f82cdbda61436,/entries/rosenstock-huessy/,Eugen Rosenstock-Huessy,"Thinker, Philosophy of Language",Thinker,5.00372983
834,5f1bb385896f82cdbda6113f,/entries/grosseteste/,Robert Grosseteste,"Thinker, Metaphysics",Thinker,5.005899918
432,5f1bb412896f82cdbda6118c,/entries/ikhwan-al-safa/,Ikhwân al-Safâ’,"Thinker,Arabic and Islamic Philosophy,Philosophy of Science",Thinker,5.006013384
310,5f1bb36c896f82cdbda6112f,/entries/gersonides/,Gersonides,"Thinker,Jewish Philosophy",Thinker,5.007442766
1242,5f1bb986896f82cdbda614f3,/entries/transcendentals-medieval/,Medieval Theories of Transcendentals,Metaphysics,Metaphysics,5.008084005
672,5f1bb84c896f82cdbda6142f,/entries/rights-human/,Human Rights,"Ethics,Social and Political Philosophy",Ethics,5.013308705
1394,5f1bb5a6896f82cdbda612ac,/entries/medieval-literary/,Literary Forms of Medieval Philosophy,Aesthetics and Philosophy of Art,Aesthetics and Philosophy of Art,5.0139729
1162,5f1bb584896f82cdbda61291,/entries/maritain/,Jacques Maritain,"Thinker,Social and Political Philosophy",Thinker,5.020085355
1547,5f1bb3f8896f82cdbda6117d,/entries/ibn-rushd-natural/,Ibn Rushd’s Natural Philosophy,"Thinker,Arabic and Islamic Philosophy,Philosophy of Science",Philosophy of Science,5.020386153
510,5f1baf43896f82cdbda60ee0,/entries/al-baghdadi/,‘Abd al-Latif al-Baghdadi,"Thinker,Arabic and Islamic Philosophy",Thinker,5.031221023
639,5f1bb867896f82cdbda61440,/entries/saadya/,Saadya [Saadiah],"Thinker,Jewish Philosophy,Epistemology",Thinker,5.031479178
1202,5f1bb326896f82cdbda61106,/entries/francis-marchia/,Francis of Marchia,"Thinker, Philosophy of Religion",Thinker,5.033481309
1148,5f1bb464896f82cdbda611c4,/entries/jaspers/,Karl Jaspers,"Thinker,Continental Philosophy",Thinker,5.044707576
1428,5f1bb205896f82cdbda61060,/entries/duns-scotus/,John Duns Scotus,"Thinker,Logic",Thinker,5.050856484
1408,5f1baf82896f82cdbda60f06,/entries/anselm/,Saint Anselm,"Thinker,Philosophy of Religion",Thinker,5.070681709
1532,5f1bb753896f82cdbda613a6,/entries/pragmatism/,Pragmatism,"Philosophy of Language,Social and Political Philosophy, Logic, Epistemology",Epistemology,5.085077404
1136,5f1bb3c9896f82cdbda61162,/entries/history/,Philosophy of History,Social and Political Philosophy,Social and Political Philosophy,5.101332288
837,5f1bb485896f82cdbda611dd,/entries/kant-aesthetics/,Kant’s Aesthetics and Teleology,"Thinker,Aesthetics and Philosophy of Art",Aesthetics and Philosophy of Art,5.107440594
1063,5f1bb8f6896f82cdbda61497,/entries/socrates/,Socrates,"Thinker, Ethics, Philosophy of Language, Social and Political Philosophy",Thinker,5.112129204
1490,5f1bb38c896f82cdbda61143,/entries/habermas/,Jürgen Habermas,"Thinker,Social and Political Philosophy,Continental Philosophy",Thinker,5.145112696
1405,5f1bb501896f82cdbda6123a,/entries/locke-moral/,Locke’s Moral Philosophy,"Thinker,Ethics",Ethics,5.15435753
801,5f1bb4a2896f82cdbda611f3,/entries/kilvington/,Richard Kilvington,Thinker,Thinker,5.211008857
857,5f1bb654896f82cdbda6131d,/entries/nishida-kitaro/,Nishida Kitarō,"Thinker,Japanese Philosophy,Philosophy of Mind, Logic,Metaphysics",Thinker,5.215311671
1504,5f1bb32c896f82cdbda6110b,/entries/free-will-foreknowledge/,Foreknowledge and Free Will,Philosophy of Mind,Philosophy of Mind,5.218328484
1218,5f1bb3a7896f82cdbda61153,/entries/heidegger/,Martin Heidegger,"Thinker,Continental Philosophy",Thinker,5.218983999
342,5f1bb484896f82cdbda611dc,/entries/justus-lipsius/,Justus Lipsius,"Thinker, Ethics",Thinker,5.219798258
608,5f1bb9eb896f82cdbda61530,/entries/william-auvergne/,William of Auvergne,"Thinker,Philosophy of Religion",Thinker,5.221500011
496,5f1bb6df896f82cdbda61362,/entries/peter-damian/,Peter Damian,Thinker,Thinker,5.223070636
1172,5f1baf77896f82cdbda60eff,/entries/ancient-political/,Ancient Political Philosophy,Social and Political Philosophy,Social and Political Philosophy,5.223600547
1401,5f1bb951896f82cdbda614d2,/entries/taurellus/,Nicolaus Taurellus,"Thinker,Metaphysics",Thinker,5.227462951
1503,5f1bb3ff896f82cdbda61182,/entries/idealism/,Idealism,Metaphysics,Metaphysics,5.233791095
885,5f1bb597896f82cdbda612a1,/entries/mctaggart/,John M. E. McTaggart,"Thinker,Logic,Metaphysics",Thinker,5.241839051
1355,5f1bb15c896f82cdbda61008,/entries/creationism/,Creationism,Philosophy of Religion,Philosophy of Religion,5.244951826
1165,5f1bb4e4896f82cdbda61224,/entries/leibniz-physics/,Leibniz’s Philosophy of Physics,"Thinker,Philosophy of Science",Philosophy of Physics,5.251758476
1283,5f1bb49e896f82cdbda611f0,/entries/kaspi-joseph/,Joseph Kaspi,"Thinker, Philosophy of Religion, Logic, Philosophy of Language",Thinker,5.25681187
832,5f1baf68896f82cdbda60ef9,/entries/analogy-medieval/,Medieval Theories of Analogy,Philosophy of Language,Philosophy of Language,5.257441622
113,5f1bb461896f82cdbda611c2,/entries/japanese-pure-land/,Japanese Pure Land Philosophy,Japanese Philosophy,Japanese Philosophy,5.261010663
1075,5f1bb1d2896f82cdbda61044,/entries/dietrich-freiberg/,Dietrich of Freiberg,Thinker,Thinker,5.267026703
1146,5f1bb677896f82cdbda61331,/entries/ontological-arguments/,Ontological Arguments,Philosophy of Religion,Philosophy of Religion,5.278032298
810,5f1bb3a2896f82cdbda6114f,/entries/hegel-aesthetics/,Hegel’s Aesthetics,"Thinker,Aesthetics and Philosophy of Art",Aesthetics and Philosophy of Art,5.278929346
245,5f1bb9e5896f82cdbda6152c,/entries/whewell/,William Whewell,"Thinker, Philosophy of Science",Thinker,5.279840055
289,5f1baf89896f82cdbda60f0b,/entries/aquinas/,Saint Thomas Aquinas,"Thinker,Philosophy of Religion,Logic",Thinker,5.28763669
1259,5f1bb3f6896f82cdbda6117c,/entries/ibn-kammuna/,Ibn Kammuna,"Thinker,Jewish Philosophy,Philosophy of Religion",Thinker,5.2988823
464,5f1bb9ff896f82cdbda6153d,/entries/wodeham/,Adam de Wodeham,"Thinker,Philosophy of Religion",Thinker,5.306641213
161,5f1bb1b1896f82cdbda61031,/entries/descartes-ontological/,Descartes’ Ontological Argument,"Thinker,Philosophy of Religion",Philosophy of Religion,5.311268532
194,5f1bb845896f82cdbda6142a,/entries/richard-price/,Richard Price,Thinker,Thinker,5.312251485
279,5f1bb3d4896f82cdbda61169,/entries/holkot/,Robert Holkot,Thinker,Thinker,5.315245685
66,5f1bb96d896f82cdbda614e4,/entries/thought-experiment/,Thought Experiments,"Philosophy of Science,Epistemology",Philosophy of Science,5.334576023
1403,5f1bb70f896f82cdbda6137e,/entries/plato-aesthetics/,Plato’s Aesthetics,"Thinker,Aesthetics and Philosophy of Art",Aesthetics and Philosophy of Art,5.359352194
965,5f1bb87d896f82cdbda6144e,/entries/scholem/,Gershom Scholem,"Thinker,Philosophy of Religion,Jewish Philosophy",Thinker,5.371423499
446,5f1bafcb896f82cdbda60f30,/entries/astell/,Mary Astell,"Thinker,Feminist Philosophy",Thinker,5.374277461
185,5f1bb381896f82cdbda6113c,/entries/green/,Thomas Hill Green,"Thinker,Metaphysics,Ethics,Social and Political Philosophy",Thinker,5.375539327
447,5f1bba01896f82cdbda6153e,/entries/wolff-christian/,Christian Wolff,"Thinker,Philosophy of Science, Logic, Metaphysics",Thinker,5.379927537
516,5f1bb124896f82cdbda60fe9,/entries/conservatism/,Conservatism,Social and Political Philosophy,Social and Political Philosophy,5.385970643
469,5f1bb46e896f82cdbda611cc,/entries/john-salisbury/,John of Salisbury,"Thinker, Social and Political Philosophy",Thinker,5.390186015
125,5f1bb581896f82cdbda6128f,/entries/margaret-cavendish/,Margaret Lucas Cavendish,"Thinker,Metaphysics,Social and Political Philosophy",Thinker,5.395868084
665,5f1bb1f0896f82cdbda61055,/entries/divine-simplicity/,Divine Simplicity,Philosophy of Religion,Philosophy of Religion,5.402765384
1048,5f1bb6dc896f82cdbda61360,/entries/personalism/,Personalism,"Philosophy of Mind,Ethics,Social and Political Philosophy",Philosophy of Mind,5.406387718
1531,5f1baf3b896f82cdbda60edc,/entries/afterlife/,Afterlife,"Philosophy of Religion,Metaphysics",Philosophy of Religion,5.425193244
450,5f1bb342896f82cdbda61118,/entries/future-contingents/,Future Contingents,"Logic,Metaphysics",Logic,5.435300712
1024,5f1baf2f896f82cdbda60ed4,/entries/aesthetics-18th-german/,18th Century German Aesthetics,Aesthetics and Philosophy of Art,Aesthetics and Philosophy of Art,5.441705378
534,5f1bb506896f82cdbda6123e,/entries/locke/,John Locke,Thinker,Thinker,5.445898565
225,5f1bb732896f82cdbda61392,/entries/plutarch/,Plutarch,"Thinker,Ethics",Thinker,5.458898982
1480,5f1bb062896f82cdbda60f80,/entries/cardano/,Girolamo [Geronimo] Cardano,"Thinker, Metaphysics",Thinker,5.461970487
579,5f1bb5a4896f82cdbda612aa,/entries/medieval-futcont/,Medieval Theories of Future Contingents,Logic,Logic,5.462595226
470,5f1baf3a896f82cdbda60edb,/entries/africana/,Africana Philosophy,"African and African-American Philosophy,Metaphysics",African and African-American Philosophy,5.471789291
156,5f1bb01b896f82cdbda60f5c,/entries/bodin/,Jean Bodin,Thinker,Thinker,5.484969568
138,5f1bb66c896f82cdbda6132b,/entries/ockham/,William of Ockham,"Thinker,Logic",Thinker,5.486013611
1088,5f1bb624896f82cdbda612fe,/entries/natphil-ren/,Natural Philosophy in the Renaissance,Philosophy of Science,Philosophy of Science,5.486375614
1358,5f1bb051896f82cdbda60f75,/entries/buridan/,John Buridan,"Thinker, Logic, Metaphysics, Philosophy of Language",Thinker,5.488384326
1212,5f1bb3ef896f82cdbda61177,/entries/iamblichus/,Iamblichus,Thinker,Thinker,5.492995761
595,5f1bb91b896f82cdbda614af,/entries/spinoza-political/,Spinoza’s Political Philosophy,"Thinker,Social and Political Philosophy",Thinker,5.501938772
896,5f1bb7a5896f82cdbda613d0,/entries/pufendorf-moral/,Pufendorf’s Moral and Political Philosophy,"Thinker,Ethics",Social and Political Philosophy,5.507222198
546,5f1baf4b896f82cdbda60ee6,/entries/al-kindi/,al-Kindi,"Thinker,Arabic and Islamic Philosophy",Thinker,5.513660017
211,5f1baffe896f82cdbda60f4d,/entries/benjamin/,Walter Benjamin,"Thinker,Continental Philosophy,Aesthetics and Philosophy of Art,Social and Political Philosophy",Thinker,5.515076931
1097,5f1bb273896f82cdbda61098,/entries/erasmus/,Desiderius Erasmus,Thinker,Thinker,5.516878564
911,5f1bb4ab896f82cdbda611fc,/entries/kyoto-school/,The Kyoto School,"Japanese Philosophy, Metaphysics",Japanese Philosophy,5.519421285
1305,5f1bb4fe896f82cdbda61237,/entries/llull/,Ramon Llull,"Thinker,Philosophy of Religion",Thinker,5.520171078
824,5f1bba07896f82cdbda61543,/entries/wyclif-political/,John Wyclif’s Political Philosophy,"Thinker,Social and Political Philosophy",Thinker,5.526600367
805,5f1bb2fd896f82cdbda610ed,/entries/ficino/,Marsilio Ficino,Thinker,Thinker,5.530543903
509,5f1baf88896f82cdbda60f0a,/entries/aquinas-moral-political/,"Aquinas’ Moral, Political, and Legal Philosophy","Thinker,Social and Political Philosophy,Ethics",Social and Political Philosophy,5.538837116
67,5f1baf13896f82cdbda60ec6,/entries/abraham-daud/,Abraham Ibn Daud,"Thinker,Jewish Philosophy",Thinker,5.542601872
428,5f1bb6d4896f82cdbda6135c,/entries/perfect-goodness/,Perfect Goodness,Ethics,Ethics,5.554223712
612,5f1bb1ec896f82cdbda61053,/entries/divine-freedom/,Divine Freedom,Philosophy of Religion,Philosophy of Religion,5.563824489
169,5f1bb587896f82cdbda61294,/entries/marsilius-inghen/,Marsilius of Inghen,Thinker,Thinker,5.574140965
846,5f1bb3e4896f82cdbda61170,/entries/hume-freewill/,Hume on Free Will,"Thinker,Philosophy of Mind",Philosophy of Mind,5.575819023
1247,5f1bb3d8896f82cdbda6116b,/entries/hope/,Hope,Philosophy of Mind,Philosophy of Mind,5.590492367
1040,5f1bb1ed896f82cdbda61054,/entries/divine-hiddenness/,Hiddenness of God,Philosophy of Religion,Philosophy of Religion,5.604929777
587,5f1bb5c6896f82cdbda612c4,/entries/michel-henry/,Michel Henry,"Thinker,Continental Philosophy, Aesthetics and Philosophy of Art",Thinker,5.634591831
1186,5f1bb8fb896f82cdbda6149b,/entries/sophists/,The Sophists,"Philosophy of Language,Logic",Philosophy of Language,5.639570899
59,5f1bb43d896f82cdbda611a8,/entries/innateness-history/,The Historical Controversies Surrounding Innateness,"Metaphysics, Philosophy of Mind",Metaphysics,5.640382111
1171,5f1bb773896f82cdbda613b7,/entries/process-philosophy/,Process Philosophy,Metaphysics,Metaphysics,5.648233099
1326,5f1bb348896f82cdbda6111b,/entries/galen/,Galen,"Thinker, Logic, Epistemology, Philosophy of Biology",Thinker,5.659971453
58,5f1bb5ee896f82cdbda612e1,/entries/moral-arguments-god/,Moral Arguments for the Existence of God,"Ethics,Philosophy of Religion",Philosophy of Religion,5.669467792
1049,5f1bb460896f82cdbda611c1,/entries/japanese-philosophy/,Japanese Philosophy,Japanese Philosophy,Japanese Philosophy,5.670472646
1303,5f1bb93c896f82cdbda614c4,/entries/suarez/,Francisco Suárez,"Thinker,Metaphysics",Thinker,5.68807628
952,5f1bb74d896f82cdbda613a2,/entries/practical-reason-med/,Medieval Theories of Practical Reason,"Philosophy of Mind,Logic,Ethics",Logic,5.695248668
1263,5f1bb45c896f82cdbda611be,/entries/james/,William James,"Thinker, Philosophy of Mind, Philosophy of Religion",Thinker,5.698554661
1469,5f1bb8db896f82cdbda61489,/entries/skepticism-medieval/,Medieval Skepticism,Epistemology,Epistemology,5.699097247
514,5f1bb6e7896f82cdbda61367,/entries/phenomenology-religion/,Phenomenology of Religion,"Epistemology,Philosophy of Religion",Epistemology,5.718994307
654,5f1bb739896f82cdbda61397,/entries/polqar/,Isaac Polqar,"Thinker,Jewish Philosophy",Thinker,5.725848359
122,5f1bb1d0896f82cdbda61043,/entries/diderot/,Denis Diderot,"Thinker, Aesthetics and Philosophy of Art, Philosophy of Language",Thinker,5.743267845
254,5f1bb2ad896f82cdbda610bb,/entries/existentialism/,Existentialism,Continental Philosophy,Continental Philosophy,5.751555466
809,5f1bb33a896f82cdbda61113,/entries/friedrich-jacobi/,Friedrich Heinrich Jacobi,Thinker,Thinker,5.768456038
1233,5f1bb2b8896f82cdbda610c0,/entries/faith/,Faith,Philosophy of Religion,Philosophy of Religion,5.783266437
1483,5f1bb2ba896f82cdbda610c1,/entries/falaquera/,Shem Tov Ibn Falaquera,"Thinker, Jewish Philosophy",Thinker,5.787683605
635,5f1bb46a896f82cdbda611c9,/entries/johann-fichte/,Johann Gottlieb Fichte,"Thinker,Metaphysics",Thinker,5.789116164
1100,5f1bb4e7896f82cdbda61226,/entries/leibowitz-yeshayahu/,Yeshayahu Leibowitz,"Thinker, Jewish Philosophy",Thinker,5.798980468
498,5f1bb01d896f82cdbda60f5d,/entries/boethius/,Anicius Manlius Severinus Boethius,"Thinker,Logic",Thinker,5.800330763
276,5f1bb8cf896f82cdbda61480,/entries/simone-weil/,Simone Weil,"Thinker,Continental Philosophy,Social and Political Philosophy, Ethics",Thinker,5.819494629
1002,5f1baf09896f82cdbda60ebf,/entries/18thGerman-preKant/,18th Century German Philosophy Prior to Kant,"Metaphysics, Epistemology",Metaphysics,5.829757564
999,5f1bb798896f82cdbda613c8,/entries/providence-divine/,Divine Providence,Philosophy of Religion,Philosophy of Religion,5.840721248
1412,5f1bb489896f82cdbda611e0,/entries/kant-hume-morality/,Kant and Hume on Morality,"Thinker,Ethics",Ethics,5.848740685
1035,5f1bb8a1896f82cdbda61464,/entries/scottish-18th/,Scottish Philosophy in the 18th Century,"Metaphysics, Ethics, Philosophy of Economics, Social and Political Philosophy",Metaphysics,5.852545469
434,5f1bb61a896f82cdbda612f9,/entries/mysticism/,Mysticism,Philosophy of Religion,Philosophy of Religion,5.865525927
1190,5f1bb39b896f82cdbda6114b,/entries/hartshorne/,Charles Hartshorne,"Thinker,Philosophy of Religion, Metaphysics",Thinker,5.865944441
907,5f1bb78d896f82cdbda613c3,/entries/prophecy/,Prophecy,Philosophy of Religion,Philosophy of Religion,5.888341691
89,5f1bb4e6896f82cdbda61225,/entries/leibniz/,Gottfried Wilhelm Leibniz,"Thinker, Metaphysics, Philosophy of Mathematics, Logic",Thinker,5.891015782
564,5f1bb4a1896f82cdbda611f2,/entries/kierkegaard/,Søren Kierkegaard,"Thinker,Continental Philosophy",Thinker,5.895043497
60,5f1baf0c896f82cdbda60ec1,/entries/abelard/,Peter Abelard,"Thinker,Logic",Thinker,5.895677668
433,5f1bb14e896f82cdbda61000,/entries/cosmological-argument/,Cosmological Argument,Philosophy of Religion,Philosophy of Religion,5.904197291
1306,5f1bb648896f82cdbda61314,/entries/newton-philosophy/,Newton’s Philosophy,"Thinker,Philosophy of Physics",Philosophy of Physics,5.905694551
481,5f1bb5a8896f82cdbda612ad,/entries/medieval-philosophy/,Medieval Philosophy,"Metaphysics,Logic,Philosophy of Religion",Metaphysics,5.907238595
969,5f1bb1ca896f82cdbda6103e,/entries/dewey/,John Dewey,"Thinker, Social and Political Philosophy",Thinker,5.909215824
709,5f1baf85896f82cdbda60f08,/entries/antonio-rosmini/,Antonio Rosmini,"Thinker, Philosophy of Religion",Thinker,5.917272808
1033,5f1bb4db896f82cdbda6121e,/entries/leibniz-ethics/,Leibniz’s Ethics,"Thinker,Ethics",Ethics,5.926465994
45,5f1bb9e7896f82cdbda6152d,/entries/whitehead/,Alfred North Whitehead,"Thinker,Logic,Philosophy of Mathematics,Metaphysics",Thinker,5.953411389
50,5f1bb6af896f82cdbda6134a,/entries/pascal/,Blaise Pascal,"Thinker, Philosophy of Mathematics, Philosophy of Religion",Thinker,5.962974698
53,5f1bb176896f82cdbda61013,/entries/daoism-religion/,Religious Daoism,"Chinese Philosophy, Philosophy of Religion",Philosophy of Religion,5.963390225
1184,5f1bafb7896f82cdbda60f28,/entries/arnauld/,Antoine Arnauld,"Thinker,Philosophy of Religion",Thinker,5.973958958
1037,5f1bb6f3896f82cdbda6136e,/entries/philo/,Philo of Alexandria,"Thinker,Jewish Philosophy",Thinker,5.976570384
1391,5f1bb66b896f82cdbda6132a,/entries/occasionalism/,Occasionalism,Metaphysics,Metaphysics,5.97728116
117,5f1bb7ac896f82cdbda613d4,/entries/pythagoreanism/,Pythagoreanism,Philosophy of Mathematics,Philosophy of Mathematics,5.979360841
953,5f1bb8c4896f82cdbda61479,/entries/shaftesbury/,"Lord Shaftesbury [Anthony Ashley Cooper, 3rd Earl of Shaftesbury]","Thinker,Ethics, Social and Political Philosophy,Aesthetics and Philosophy of Art",Thinker,5.98882721
1557,5f1bb058896f82cdbda60f79,/entries/byzantine-philosophy/,Byzantine Philosophy,Metaphysics,Metaphysics,5.995158731
769,5f1bb07c896f82cdbda60f8d,/entries/causation-medieval/,Medieval Theories of Causation,Metaphysics,Metaphysics,5.998143796
499,5f1baf91896f82cdbda60f0f,/entries/arabic-islamic-judaic/,Influence of Arabic and Islamic Philosophy on Judaic Thought,"Arabic and Islamic Philosophy, Jewish Philosophy",Arabic and Islamic Philosophy,6.002407418
993,5f1baf57896f82cdbda60eee,/entries/alexander/,Samuel Alexander,"Thinker, Metaphysics",Thinker,6.00372019
1216,5f1baf11896f82cdbda60ec4,/entries/abner-burgos/,Abner of Burgos,"Thinker,Philosophy of Religion,Jewish Philosophy",Thinker,6.006946623
180,5f1bb838896f82cdbda61423,/entries/religious-pluralism/,Religious Diversity (Pluralism),"Philosophy of Religion,Social and Political Philosophy",Philosophy of Religion,6.009459406
838,5f1bc35bc9d4344a5ae1017e,/entries/simplicius/,Simplicius,Thinker,Thinker,6.011699907
274,5f1bb5b3896f82cdbda612b6,/entries/mendelssohn/,Moses Mendelssohn,"Thinker,Metaphysics,Jewish Philosophy",Thinker,6.017283105
473,5f1bb3f0896f82cdbda61178,/entries/ibn-arabi/,Ibn ‘Arabî,"Thinker,Arabic and Islamic Philosophy",Thinker,6.020158124
1064,5f1bb3e7896f82cdbda61172,/entries/hume-newton/,Hume’s Newtonianism and Anti-Newtonianism,"Thinker,Philosophy of Science",Philosophy of Science,6.022909998
1343,5f1bb391896f82cdbda61146,/entries/hamann/,Johann Georg Hamann,"Thinker, Philosophy of Language, Epistemology",Thinker,6.026941179
939,5f1bb878896f82cdbda6144b,/entries/schleiermacher/,Friedrich Daniel Ernst Schleiermacher,"Thinker, Philosophy of Religion, Philosophy of Language",Thinker,6.028945514
1422,5f1bb5be896f82cdbda612be,/entries/mersenne/,Marin Mersenne,Thinker,Thinker,6.028971366
1488,5f1bb05c896f82cdbda60f7c,/entries/campanella/,Tommaso Campanella,"Thinker,Philosophy of Religion,Social and Political Philosophy",Thinker,6.037058812
1314,5f1bb307896f82cdbda610f3,/entries/fideism/,Fideism,Philosophy of Religion,Philosophy of Religion,6.039512076
187,5f1bb573896f82cdbda61283,/entries/madeleine-scudery/,Madeleine de Scudéry,"Thinker,Ethics, Social and Political Philosophy,Epistemology",Thinker,6.055641997
1334,5f1bb9d0896f82cdbda61520,/entries/voluntarism-theological/,Theological Voluntarism,Philosophy of Religion,Philosophy of Religion,6.090633593
1509,5f1bb57a896f82cdbda61289,/entries/malebranche/,Nicolas Malebranche,"Thinker,Metaphysics,Philosophy of Religion",Thinker,6.110371326
1181,5f1bb325896f82cdbda61105,/entries/francis-bacon/,Francis Bacon,"Thinker, Philosophy of Science",Thinker,6.125344102
1134,5f1bb021896f82cdbda60f60,/entries/bolzano/,Bernard Bolzano,"Thinker,Philosophy of Physics",Thinker,6.14704093
151,5f1bb81f896f82cdbda61416,/entries/reid/,Thomas Reid,"Thinker,Epistemology,Metaphysics",Thinker,6.147996119
1157,5f1baf3e896f82cdbda60ede,/entries/agrippa-nettesheim/,Heinrich Cornelius Agrippa von Nettesheim,Thinker,Thinker,6.14926112
1346,5f1bb73b896f82cdbda61398,/entries/pomponazzi/,Pietro Pomponazzi,Thinker,Thinker,6.168631539
1076,5f1bba0c896f82cdbda61546,/entries/xenophanes/,Xenophanes,Thinker,Thinker,6.176092642
17,5f1bb68c896f82cdbda61337,/entries/origen/,Origen,"Thinker,Philosophy of Religion",Thinker,6.188295615
811,5f1bb3ea896f82cdbda61174,/entries/hume/,David Hume,"Thinker,Metaphysics, Epistemology,Philosphy of Religion, Philosophy of Economics",Thinker,6.207968128
406,5f1bb15a896f82cdbda61007,/entries/creation-conservation/,Creation and Conservation,Philosophy of Religion,Philosophy of Religion,6.209465902
1438,5f1bb03b896f82cdbda60f6f,/entries/bruno/,Giordano Bruno,"Thinker,Philosophy of Religion,Metaphysics",Thinker,6.224228044
949,5f1bb3b6896f82cdbda6115a,/entries/herder/,Johann Gottfried von Herder,"Thinker, Philosophy of Language, Social and Political Philosophy",Thinker,6.228614923
581,5f1bb675896f82cdbda61330,/entries/omniscience/,Omniscience,Philosophy of Religion,Philosophy of Religion,6.244209963
733,5f7678ef038c9c30f784692e,/entries/luther/,Martin Luther,"Thinker,Philosophy of Religion",Thinker,6.250724128
637,5f1baf48896f82cdbda60ee3,/entries/al-farabi-soc-rel/,al-Farabi’s Philosophy of Society and Religion,"Thinker,Arabic and Islamic Philosophy,Social and Political Philosophy, Philosophy of Religion",Social and Political Philosophy,6.262605791
976,5f1bb0cb896f82cdbda60fbb,/entries/collins/,Anthony Collins,"Thinker,Philosophy of Religion,Social and Political Philosophy",Thinker,6.268724354
1495,5f1baf67896f82cdbda60ef8,/entries/ammonius/,Ammonius,Thinker,Thinker,6.26986009
1350,5f1bb49b896f82cdbda611ee,/entries/kant/,Immanuel Kant,"Thinker, Ethics, Metaphyics,Social and Political Philosophy,Epistemology, Aesthetics and Philosophy of Art",Thinker,6.295559314
357,5f1bb579896f82cdbda61288,/entries/malebranche-ideas/,Malebranche’s Theory of Ideas and Vision in God,"Thinker,Philosophy of Religion",Philosophy of Religion,6.301576239
1129,5f1bb665896f82cdbda61326,/entries/numenius/,Numenius,"Thinker, Metaphysics",Thinker,6.31537997
1311,5f1bb0f0896f82cdbda60fcd,/entries/comte/,Auguste Comte,"Thinker,Philosophy of Science",Thinker,6.325852578
353,5f1bb023896f82cdbda60f61,/entries/bonaventure/,Saint Bonaventure,"Thinker,Philosophy of Religion",Thinker,6.332671806
691,5f1bb862896f82cdbda6143d,/entries/russell/,Bertrand Russell,"Thinker,Logic,Philosophy of Mathematics,Metaphysics",Thinker,6.334628963
1456,5f1bb175896f82cdbda61012,/entries/dante/,Dante Alighieri,"Thinker, Aesthetics and Philosophy of Art",Thinker,6.335500447
578,5f1bb854896f82cdbda61434,/entries/roger-bacon/,Roger Bacon,"Thinker,Philosophy of Language, Philosophy of Religion",Thinker,6.345835412
444,5f1bb613896f82cdbda612f5,/entries/mulla-sadra/,Mulla Sadra,"Thinker,Arabic and Islamic Philosophy",Thinker,6.361504556
688,5f1bb3a4896f82cdbda61151,/entries/hegel/,Georg Wilhelm Friedrich Hegel,"Thinker,Continental Philosophy,Metaphysics,Social and Political Philosophy",Thinker,6.376445522
977,5f1bb777896f82cdbda613b9,/entries/proclus/,Proclus,"Thinker, Metaphysics",Thinker,6.377077146
932,5f1bb487896f82cdbda611de,/entries/kant-development/,Kant’s Philosophical Development,Thinker,Thinker,6.385627662
345,5f1bb641896f82cdbda6130f,/entries/neoplatonism/,Neoplatonism,Metaphysics,Metaphysics,6.394115523
737,5f7678ee038c9c30f784692c,/entries/luther-influence/,Luther’s Influence on Philosophy,"Thinker,Philosophy of Religion,Social and Political Philosophy",Thinker,6.405844945
126,5f1bb5ce896f82cdbda612cb,/entries/modality-medieval/,Medieval Theories of Modality,Metaphysics,Metaphysics,6.414323305
1008,5f1bb505896f82cdbda6123d,/entries/locke-political/,Locke’s Political Philosophy,"Thinker,Social and Political Philosophy",Social and Political Philosophy,6.426349482
627,5f1bb3f4896f82cdbda6117b,/entries/ibn-gabirol/,Solomon Ibn Gabirol [Avicebron],"Thinker,Philosophy of Religion,Jewish Philosophy",Thinker,6.46894398
942,5f1bb4ec896f82cdbda6122a,/entries/levinas/,Emmanuel Levinas,"Thinker,Continental Philosophy,Ethics",Thinker,6.491089559
1331,5f1bb932896f82cdbda614be,/entries/strauss-leo/,Leo Strauss,"Thinker,Social and Political Philosophy,Jewish Philosophy",Thinker,6.498174796
1341,5f1bb16b896f82cdbda61010,/entries/cusanus/,"Cusanus, Nicolaus [Nicolas of Cusa]","Thinker, Metaphysics",Thinker,6.507365956
1018,5f1bb3f3896f82cdbda6117a,/entries/ibn-ezra/,Abraham Ibn Ezra,"Thinker,Jewish Philosophy",Thinker,6.508287905
1091,5f1bb91f896f82cdbda614b1,/entries/spinoza/,Baruch Spinoza,"Thinker,Jewish Philosophy,Metaphysics,Social and Political Philosophy",Thinker,6.526503072
879,5f1bb5a9896f82cdbda612ae,/entries/medieval-political/,Medieval Political Philosophy,Social and Political Philosophy,Social and Political Philosophy,6.535113221
734,5f1bb56a896f82cdbda6127b,/entries/ludwig-feuerbach/,Ludwig Andreas Feuerbach,"Thinker,Social and Political Philosophy",Thinker,6.550294698
1006,5f1bb0a5896f82cdbda60fa6,/entries/christiantheology-philosophy/,Philosophy and Christian Theology,Philosophy of Religion,Philosophy of Religion,6.556672749
1151,5f7678c0038c9c30f78468e9,/entries/albalag/,Isaac Albalag,"Thinker,Jewish Philosophy",Thinker,6.622570729
415,5f1baf96896f82cdbda60f13,/entries/arabic-islamic-mysticism/,Mysticism in Arabic and Islamic Philosophy,"Arabic and Islamic Philosophy,Philosophy of Religion",Arabic and Islamic Philosophy,6.622953366
366,5f1bb859896f82cdbda61437,/entries/rosenzweig/,Franz Rosenzweig,"Thinker,Philosophy of Religion,Jewish Philosophy",Thinker,6.70268135
750,5f1bb82e896f82cdbda6141d,/entries/religion-epistemology/,The Epistemology of Religion,"Philosophy of Religion, Epistemology",Philosophy of Religion,6.719348607
402,5f1bb85c896f82cdbda61439,/entries/royce/,Josiah Royce,"Thinker,Metaphysics",Thinker,6.767310324
1023,5f1baf93896f82cdbda60f11,/entries/arabic-islamic-metaphysics/,Arabic and Islamic Metaphysics,"Arabic and Islamic Philosophy,Metaphysics",Arabic and Islamic Philosophy,6.774222214
887,5f1bb3e8896f82cdbda61173,/entries/hume-religion/,Hume on Religion,"Thinker,Philosophy of Religion",Philosophy of Religion,6.800698554
1144,5f1bb46d896f82cdbda611cb,/entries/john-norris/,John Norris,"Thinker,Philosophy of Religion",Thinker,6.814803648
52,5f1bb69c896f82cdbda61340,/entries/pantheism/,Pantheism,Philosophy of Religion,Philosophy of Religion,6.816055109
1368,5f1bb05b896f82cdbda60f7b,/entries/cambridge-platonists/,The Cambridge Platonists,Metaphysics,Metaphysics,6.817783936
218,5f1baf4a896f82cdbda60ee5,/entries/al-ghazali/,al-Ghazali,"Thinker,Arabic and Islamic Philosophy",Thinker,6.861893626
253,5f1bafd5896f82cdbda60f36,/entries/augustine/,Saint Augustine,"Thinker,Philosophy of Religion",Thinker,6.908984501
390,5f1bb217896f82cdbda6106a,/entries/edwards/,Jonathan Edwards,"Thinker,Philosophy of Religion",Thinker,6.941905099
874,5f1bb48b896f82cdbda611e2,/entries/kant-leibniz/,Leibniz’s Influence on Kant,Thinker,Thinker,7.030232763
671,5f1bb3fe896f82cdbda61181,/entries/ibn-sina/,Ibn Sina [Avicenna],"Thinker,Logic,Metaphysics,Arabic and Islamic Philosophy",Thinker,7.04120131
793,5f1bb23d896f82cdbda6107c,/entries/enlightenment/,Enlightenment,"Metaphysics,Philosophy of Science,Logic,Epistemology",Epistemology,7.059235201
215,5f1bb056896f82cdbda60f78,/entries/butler-moral/,Joseph Butler’s Moral Philosophy,"Thinker,Ethics",Ethics,7.082583226
513,5f1bb39f896f82cdbda6114d,/entries/heaven-hell/,Heaven and Hell in Christian Thought,Philosophy of Religion,Philosophy of Religion,7.126271045
297,5f1bb38f896f82cdbda61145,/entries/halevi/,Judah Halevi,"Thinker,Jewish Philosophy",Thinker,7.151815993
1232,5f1bb699896f82cdbda6133e,/entries/panentheism/,Panentheism,Philosophy of Religion,Philosophy of Religion,7.170238165
1277,5f1bb577896f82cdbda61286,/entries/maimonides-islamic/,The Influence of Islamic Thought on Maimonides,"Thinker,Arabic and Islamic Philosophy, Jewish Philosophy",Arabic and Islamic Philosophy,7.174665608
418,5f1bb27b896f82cdbda6109e,/entries/eternity/,Eternity in Christian Thought,Philosophy of Religion,Philosophy of Religion,7.279447401
717,5f1bb0af896f82cdbda60fac,/entries/clarke/,Samuel Clarke,"Thinker, Metaphysics, Philosophy of Religion",Thinker,7.299302253
367,5f1baf8b896f82cdbda60f0c,/entries/arabic-islamic-causation/,Causation in Arabic and Islamic Thought,"Arabic and Islamic Philosophy,Metaphysics",Arabic and Islamic Philosophy,7.332400973
145,5f1bb832896f82cdbda6141f,/entries/religion-politics/,Religion and Political Theory,"Philosophy of Religion,Social and Political Philosophy",Philosophy of Religion,7.340461163
554,5f1bb045896f82cdbda60f70,/entries/buber/,Martin Buber,"Thinker,Jewish Philosophy,Ethics,Continental Philosophy",Thinker,7.361177011
183,5f1baf52896f82cdbda60eea,/entries/albo-joseph/,Joseph Albo,"Thinker, Jewish Philosophy",Thinker,7.368692719
1110,5f7678d9038c9c30f784690e,/entries/divine-revelation/,Divine Revelation,"Philosophy of Religion,Epistemology",Philosophy of Religion,7.506979941
1418,5f1bb151896f82cdbda61002,/entries/cosmology-theology/,Cosmology and Theology,"Philosophy of Religion,Philosophy of Physics",Philosophy of Religion,7.544743959
252,5f1bb700896f82cdbda61375,/entries/philosophy-religion/,Philosophy of Religion,Philosophy of Religion,Philosophy of Religion,7.616695361
1026,5f1bb3b0896f82cdbda61158,/entries/henry-more/,Henry More,"Thinker,Metaphysics",Thinker,7.725824319
1548,5f1bb834896f82cdbda61420,/entries/religion-science/,Religion and Science,"Philosophy of Religion,Philosophy of Science",Philosophy of Religion,7.88635117
1435,5f1bb2f5896f82cdbda610e8,/entries/feminist-religion/,Feminist Philosophy of Religion,"Feminist Philosophy,Philosophy of Religion",Feminist Philosophy,7.941476201
1317,5f1bb8a5896f82cdbda61466,/entries/scottus-eriugena/,John Scottus Eriugena,"Thinker, Philosphy of Religion",Thinker,8.038009764
1205,5f1bb493896f82cdbda611e8,/entries/kant-religion/,Kant’s Philosophy of Religion,"Thinker,Philosophy of Religion",Philosophy of Religion,8.038635002
958,5f1bb836896f82cdbda61422,/entries/religious-language/,Religious Language,"Philosophy of Religion,Philosophy of Language",Philosophy of Religion,8.136529714
615,5f1bb775896f82cdbda613b8,/entries/process-theism/,Process Theism,Philosophy of Religion,Philosophy of Religion,8.290037751
219,5f1bb830896f82cdbda6141e,/entries/religion-morality/,Religion and Morality,"Philosophy of Religion,Ethics",Philosophy of Religion,8.303545585
12,5f1bb98a896f82cdbda614f5,/entries/trinity/,Trinity,Philosophy of Religion,Philosophy of Religion,8.319638668
1083,5f1bb02f896f82cdbda60f67,/entries/boyle/,Robert Boyle,"Thinker, Philosophy of Science",Thinker,8.599948446
703,5f1bb630896f82cdbda61304,/entries/natural-theology/,Natural Theology and Natural Religion,Philosophy of Religion,Philosophy of Religion,8.950918938
